<?xml version="1.0" encoding="UTF-8"?>
<!DOCTYPE suite SYSTEM "https://testng.org/testng-1.0.dtd">


<suite name="Suite" thread-count="5" parallel="tests">

<listeners>
	<listener class-name="utilities.ExtentReportManager"/>
</listeners>

  <test  name="chrometest">
  <parameter name="os" value="windows"/>
  <parameter name="browser" value="chrome"/>
   <classes>
      <class name="testCases.TC001_AccountRegistrationTest"/>
    </classes>
  </test> <!-- Test -->
  
  <test  name="edgetest">
  <parameter name="os" value="windows"/>
  <parameter name="browser" value="edge"/>
  <classes>
      <class name="testCases.TC001_AccountRegistrationTest"/>
    </classes>
  </test> <!-- Test -->
  
  <test  name="firefoxtest">
  <parameter name="os" value="windows"/>
  <parameter name="browser" value="firefox"/>
  <classes>
      <class name="testCases.TC001_AccountRegistrationTest"/>
    </classes>
  </test> <!-- Test -->
</suite> <!-- Suite -->
